<?xml version="1.0" encoding="utf-8"?><arrayCallout>	<callout>		<btn>btnCallout0</btn>		<img>viera_wrist_R1024x768.jpg</img>	</callout>	<callout>		<btn>btnCallout0</btn>		<img>viera_wrist_R_ruler1024x768.jpg</img>	</callout>	<callout>		<btn>btnCallout1</btn>		<img>viera_should_R_ruler1024x768.jpg</img>	</callout>	<callout>		<btn>btnCallout1</btn>		<img>viera_should_R_blood1024x768.jpg</img>	</callout>	<callout>		<btn>btnCallout2</btn>		<img>viera_should_L_L1024x768.jpg</img>	</callout>	<callout>		<btn>btnCallout2</btn>		<img>viera_should_L_blood1024x768.jpg</img>	</callout>	<callout>		<btn>btnCallout3</btn>		<img>viera_neck_R1024x768.jpg</img>	</callout>	<callout>		<btn>btnCallout4</btn>		<img>viera_neck_L_L1024x768.jpg</img>	</callout></arrayCallout>