<?xml version="1.0" encoding="utf-8"?>
<btnLoc>
	<callout>
		<x>88</x>
		<y>252</y>
	</callout>
	<callout>
		<x>213</x>
		<y>252</y>
	</callout>
	<callout>
		<x>306</x>
		<y>235</y>
	</callout>	<callout>
		<x>268</x>
		<y>203</y>
	</callout>	<callout>
		<x>264</x>
		<y>228</y>
	</callout>	<callout>
		<x>-100</x>
		<y>-100</y>
	</callout>	<callout>
		<x>-100</x>
		<y>-100</y>
	</callout>	<callout>
		<x>-100</x>
		<y>-100</y>
	</callout>	<callout>
		<x>-100</x>
		<y>-100</y>
	</callout>	<callout>
		<x>-100</x>
		<y>-100</y>
	</callout>
</btnLoc>